{"images": [{"file_name": "001435.png", "Image_id": 1435, "width": 256, "height": 256, "camera_intrinsics": [[[153.116039, 0.0, 131.450647], [0.0, 183.144955, 125.233184], [0.0, 0.0, 1.0]]]}], "Object_annotation": [{"instance_id": 2, "quaternions_w_o": [[-0.8854801573280868, 0.0036428208581366452, -0.000212382329636587, 0.46466283991563545]], "Rotation_w_o": [[[0.5681767583311557, 0.8228979018444644, 0.003761487647811993], [-0.8229009965275855, 0.5681503082560546, 0.006253918820288076], [0.0030092462931707504, -0.006648663526035416, 0.9999733276404736]]], "postition_w_o": [[[-0.05464207696491062, 1.8119605084304415, 1.7410344183159332]]], "Trafo_o_w": [[[0.5681767583311557, -0.8229009965275855, 0.0030092462931707504, 1.5168712648448455], [0.8228979018444644, 0.5681503082560546, -0.006648663526035416, -0.9729255188910747], [0.003761487647811993, 0.006253918820288076, 0.9999733276404736, -1.7521142992477177], [0.0, 0.0, 0.0, 1.0]]]}, {"instance_id": 3, "quaternions_w_o": [[-0.8853303360327708, 0.0030075995937163596, 0.00037933709288887497, 0.46495267925407846]], "Rotation_w_o": [[[0.5676376991104299, 0.8232757053148736, 0.0021251057066097945], [-0.8232711417385279, 0.5676198955930578, 0.00567818591327213], [0.0034684602502778024, -0.004972690722555588, 0.9999815956908895]]], "postition_w_o": [[[0.07690166600758772, 2.093305360681477, 1.6866754027006128]]], "Trafo_o_w": [[[0.5676376991104299, -0.8232711417385279, 0.0034684602502778024, 1.6738554429559263], [0.8232757053148736, 0.5676198955930578, -0.004972690722555588, -1.243125728469722], [0.0021251057066097945, 0.00567818591327213, 0.9999815956908895, -1.6986939617856116], [0.0, 0.0, 0.0, 1.0]]]}, {"instance_id": 1, "quaternions_w_o": [[-0.8848365959467482, 0.005325757911012046, 0.0007693599436948071, 0.46587038816395576]], "Rotation_w_o": [[[0.5659283304479115, 0.8244465316803828, 0.00360071014326749], [-0.8244301419811566, 0.565872786882704, 0.010141695032846525], [0.00632374147781427, -0.008708006970418928, 0.9999420401893278]]], "postition_w_o": [[[-0.08690101199219673, 1.8147288132564199, 1.3001417612082815]]], "Trafo_o_w": [[[0.5659283304479115, -0.8244301419811566, 0.00632374147781427, 1.5370751174188726], [0.8244465316803828, 0.565872786882704, -0.008708006970418928, -0.9439387695381362], [0.00360071014326749, 0.010141695032846525, 0.9999420401893278, -1.3181579260739804], [0.0, 0.0, 0.0, 1.0]]]}], "annotation": [{"image_id": 1435, "instance_id": 2, "R_w_c": [[[[-0.872853864297316, -0.4573371327606061, -0.17020246349436408], [0.3763725606331733, -0.8529420168897783, 0.3617092913189062], [-0.31059592267715114, 0.2516598156685029, 0.9166228831935324]]]], "RT_C_two_O": [[[[-0.806587293952939, 0.4427958124899012, -0.3915976762343337, -0.26619045968966215], [-0.5023683794217974, -0.8626142382421385, 0.05935167813302614, 0.6046552408206012], [-0.3115170639395496, 0.2445986051996148, 0.918220320778833, -0.21920192266946836], [0.0, 0.0, 0.0, 1.0]]]], "q_w_c": [[[-0.2184187503434848, 0.1259615709243595, -0.1606930025032245, -0.9542560930353846]]], "position_c_w": [[[0.2908597168839473, 2.373173130247299, 1.5170171416694989]]], "t_c_o": [[[-0.34550179384885793, -0.5612126218168576, 0.22401727664643434]]], "mask": [22409, 1, 257, 1, 1, 2, 253, 3, 4, 1, 247, 1, 1, 5, 1, 5, 239, 1, 1, 15, 241, 16, 239, 1, 1, 13, 242, 15, 239, 14, 2, 1, 236, 1, 1, 15, 1, 3, 237, 20, 236, 21, 234, 20, 236, 19, 233, 1, 2, 22, 233, 2, 1, 20, 235, 19, 1, 1, 234, 22, 234, 21, 234, 22, 233, 24, 231, 25, 1, 1, 229, 24, 2, 1, 1, 1, 227, 25, 1, 1, 228, 27, 226, 1, 2, 1, 1, 22, 1, 1, 226, 1, 2, 27, 226, 3, 1, 27, 225, 1, 2, 30, 223, 2, 1, 28, 2, 1, 223, 29, 225, 1, 1, 30, 3, 1, 221, 35, 1, 1, 220, 34, 222, 31, 1, 1, 1, 1, 220, 32, 3, 1, 220, 34, 221, 35, 1, 1, 1, 2, 215, 35, 2, 1, 219, 35, 221, 36, 221, 34, 1, 2, 218, 1, 1, 36, 219, 1, 1, 1, 1, 32, 4, 2, 214, 38, 3, 1, 214, 32, 1, 5, 218, 25, 1, 6, 1, 3, 219, 1, 1, 32, 3, 1, 219, 1, 1, 26, 1, 2, 1, 2, 3, 1, 218, 9, 1, 17, 1, 1, 1, 3, 222, 21, 3, 1, 1, 1, 6, 1, 224, 16, 1, 1, 2, 1, 1, 1, 7, 1, 226, 3, 1, 10, 242, 8, 2, 4, 3, 1, 6, 2, 230, 5, 2, 1, 1, 5, 6, 1, 236, 5, 252, 1, 3, 1, 5, 1, 6, 1, 238, 1, 258, 1, 28284], "bbox": [[[122.0, 87.0], [165.0, 145.0]]]}, {"image_id": 1435, "instance_id": 3, "R_w_c": [[[[-0.872853864297316, -0.4573371327606061, -0.17020246349436408], [0.3763725606331733, -0.8529420168897783, 0.3617092913189062], [-0.31059592267715114, 0.2516598156685029, 0.9166228831935324]]]], "RT_C_two_O": [[[[-0.8063987165126059, 0.4434736223908573, -0.39121888596756565, -0.1095448554151782], [-0.5034183297323319, -0.8619128355446929, 0.060631754886486255, 0.3358486374444787], [-0.3103079997299069, 0.24584013094764906, 0.9182981677588681, -0.16761131388641481], [0.0, 0.0, 0.0, 1.0]]]], "q_w_c": [[[-0.2184187503434848, 0.1259615709243595, -0.1606930025032245, -0.9542560930353846]]], "position_c_w": [[[0.2908597168839473, 2.373173130247299, 1.5170171416694989]]], "t_c_o": [[[-0.21395805087635958, -0.27986776956582204, 0.16965826103111392]]], "mask": [14505, 2, 1021, 1, 2, 1, 506, 1, 255, 1, 4, 3, 12, 1, 228, 2, 1, 13, 9, 1, 218, 1, 9, 17, 2, 2, 5, 1, 1, 1, 215, 1, 3, 1, 1, 3, 2, 1, 1, 20, 6, 1, 214, 1, 2, 1, 1, 1, 1, 1, 2, 20, 1, 4, 222, 30, 2, 3, 3, 1, 217, 7, 1, 18, 1, 1, 1, 7, 220, 1, 1, 33, 1, 3, 213, 1, 2, 26, 1, 6, 1, 5, 215, 1, 1, 2, 1, 23, 1, 5, 1, 3, 1, 1, 215, 2, 1, 24, 1, 13, 1, 1, 210, 1, 2, 2, 1, 10, 1, 4, 1, 24, 209, 1, 1, 1, 1, 43, 210, 1, 1, 4, 1, 19, 1, 3, 1, 16, 210, 3, 1, 35, 1, 5, 1, 1, 209, 41, 1, 6, 206, 8, 1, 39, 2, 1, 5, 1, 197, 1, 1, 19, 1, 3, 1, 26, 6, 1, 200, 11, 1, 3, 1, 28, 1, 4, 205, 21, 1, 21, 1, 6, 205, 15, 1, 37, 202, 1, 1, 1, 1, 22, 1, 10, 1, 16, 203, 1, 2, 2, 1, 1, 1, 14, 1, 30, 204, 14, 1, 29, 2, 6, 205, 3, 1, 48, 205, 19, 1, 30, 204, 1, 1, 45, 1, 4, 204, 1, 1, 3, 1, 19, 1, 18, 1, 7, 204, 2, 1, 45, 1, 1, 1, 2, 204, 3, 1, 13, 1, 11, 1, 15, 1, 1, 1, 2, 206, 1, 1, 12, 1, 36, 205, 51, 207, 3, 1, 4, 1, 19, 1, 20, 206, 47, 1, 2, 207, 44, 1, 2, 1, 1, 207, 41, 1, 5, 1, 1, 205, 1, 1, 28, 1, 6, 1, 11, 2, 1, 204, 4, 1, 26, 1, 16, 209, 17, 1, 30, 5, 1, 198, 1, 5, 44, 1, 1, 206, 1, 3, 1, 1, 43, 5, 1, 201, 1, 1, 1, 1, 37, 1, 6, 2, 1, 210, 4, 1, 31, 1, 3, 1, 3, 207, 2, 2, 27, 1, 2, 1, 11, 9, 1, 201, 2, 2, 1, 1, 39, 1, 1, 211, 1, 2, 36, 2, 2, 3, 1, 3, 2, 201, 2, 1, 1, 1, 39, 2, 3, 1, 1, 207, 1, 1, 39, 2, 1, 2, 1, 214, 32, 2, 2, 12, 1, 202, 2, 2, 4, 1, 21, 1, 11, 2, 1, 1, 1, 211, 31, 1, 2, 3, 2, 1, 1, 214, 2, 2, 23, 1, 6, 1, 2, 219, 3, 2, 4, 1, 27, 217, 2, 3, 6, 1, 20, 1, 3, 1, 1, 1, 1, 219, 1, 1, 1, 1, 6, 1, 22, 2, 1, 219, 1, 2, 1, 2, 1, 1, 25, 1, 6, 219, 2, 2, 24, 1, 1, 1, 2, 1, 1, 2, 1, 220, 2, 2, 2, 2, 8, 1, 10, 1, 1, 1, 1, 3, 1, 217, 1, 8, 1, 3, 3, 1, 3, 1, 3, 1, 1, 1, 3, 3, 1, 227, 1, 4, 1, 3, 8, 1, 2, 1, 2, 2, 1, 241, 1, 2, 6, 3, 1, 8, 1, 232, 1, 5, 1, 2, 1, 761, 1, 32867], "bbox": [[[133.0, 56.0], [192.0, 127.0]]]}, {"image_id": 1435, "instance_id": 1, "R_w_c": [[[[-0.872853864297316, -0.4573371327606061, -0.17020246349436408], [0.3763725606331733, -0.8529420168897783, 0.3617092913189062], [-0.31059592267715114, 0.2516598156685029, 0.9166228831935324]]]], "RT_C_two_O": [[[[-0.80622974206648, 0.4459624997057314, -0.3887299522554718, -0.245241365104759], [-0.5039376798324121, -0.8618981444889214, 0.05637665555251711, 0.6255634123766588], [-0.30990375863036956, 0.24134821324441175, 0.9196252514911547, 0.2238865892491666], [0.0, 0.0, 0.0, 1.0]]]], "q_w_c": [[[-0.2184187503434848, 0.1259615709243595, -0.1606930025032245, -0.9542560930353846]]], "position_c_w": [[[0.2908597168839473, 2.373173130247299, 1.5170171416694989]]], "t_c_o": [[[-0.37776072887614404, -0.5584443169908793, -0.21687538046121735]]],